<?xml version="1.0" ?><com.sun.javafx.collections.ObservableListWrapper><listenerHelper class="com.sun.javafx.collections.ListListenerHelper$Generic"><changeListeners><null></null><null></null><null></null><null></null><null></null><null></null><javafx.collections.WeakListChangeListener><ref><referent class="null"></referent><queue class="java.lang.ref.ReferenceQueue$Null"><lock></lock><queueLength>0</queueLength></queue></ref></javafx.collections.WeakListChangeListener><null></null><javafx.collections.WeakListChangeListener><ref><referent class="null"></referent><queue class="java.lang.ref.ReferenceQueue$Null" reference="../../../javafx.collections.WeakListChangeListener/ref/queue"></queue></ref></javafx.collections.WeakListChangeListener><javafx.collections.WeakListChangeListener><ref><referent class="null"></referent><queue class="java.lang.ref.ReferenceQueue$Null" reference="../../../javafx.collections.WeakListChangeListener/ref/queue"></queue></ref></javafx.collections.WeakListChangeListener><null></null></changeListeners><invalidationSize>0</invalidationSize><changeSize>10</changeSize><locked>false</locked></listenerHelper><changeBuilder><list class="com.sun.javafx.collections.ObservableListWrapper" reference="../.."></list><changeLock>0</changeLock><addRemoveChanges></addRemoveChanges></changeBuilder><backingList><model.DataUser><nama>tester</nama><email>test</email><password>test</password><notelp>test</notelp><gender>Laki-Laki</gender></model.DataUser><model.DataUser><nama>Abhirama</nama><email>abhi@gmail.com</email><password>123456</password><notelp>08886964888</notelp><gender>Laki-Laki</gender></model.DataUser><model.DataUser><nama>dummy</nama><email>dummy</email><password>dummy</password><notelp>dummy</notelp><gender>Perempuan</gender></model.DataUser><model.DataUser><nama>te</nama><email>te</email><password>te</password><notelp>te</notelp><gender>Laki-Laki</gender></model.DataUser></backingList></com.sun.javafx.collections.ObservableListWrapper>