<?xml version="1.0" encoding="UTF-8"?>
<project-private xmlns="http://www.netbeans.org/ns/project-private/1">
    <editor-bookmarks xmlns="http://www.netbeans.org/ns/editor-bookmarks/2" lastBookmarkId="0"/>
    <open-files xmlns="http://www.netbeans.org/ns/projectui-open-files/2">
        <group>
            <file>file:/F:/Java%20Project/SIPER_Project_New/SIPER_Project/src/main/SIPER_Project.java</file>
            <file>file:/F:/Java%20Project/SIPER_Project_New/SIPER_Project/src/controller/SceneMasukController.java</file>
        </group>
    </open-files>
</project-private>
